Year,Observation status,Unit multiplier,SERIES,Reference area,Degree of urbanisation,UNIT_MEASURE,GeoCode,Value
2017,Normal value,Units,Prevalence of moderate or severe food insecurity in the population [2.1.2],,,Percent,,0.495
2017,Normal value,Units,Prevalence of moderate or severe food insecurity in the population [2.1.2],,Urban,Percent,,0.63
2017,Normal value,Units,Prevalence of moderate or severe food insecurity in the population [2.1.2],,Rural,Percent,,0.363
2017,Normal value,Units,Prevalence of severe food insecurity in the population [2.1.2],,,Percent,,0.078
2017,Normal value,Units,Prevalence of severe food insecurity in the population [2.1.2],,Urban,Percent,,0.114
2017,Normal value,Units,Prevalence of severe food insecurity in the population [2.1.2],,Rural,Percent,,0.043
